"Page / area","Source pattern","Desktop display","Mobile display","Generated variants","Load strategy"
"Home event artwork","Event_details.png","Up to 1600px wide","100vw","720w, 1600w WebP","Eager; fetch priority high"
"Home pamphlet","pamphlet.png","Up to 860px wide","100vw","720w, 1200w WebP","Lazy"
"Home speakers","Members/Speaker/*","About 380px per portrait","Viewport minus 32px","400w, 800w WebP","Lazy"
"Home performers","Members/Performer/*","Up to about 540px per card","Viewport minus 32px","400w, 800w WebP","Lazy"
"Home sponsors","Sponsor/*","Max 360x280 CSS px","Max 220x180 CSS px","360w, 720w WebP","Lazy"
"Home team","TEDxTeam2025.png","100vw, max 1920px source","100vw","960w, 1920w WebP","Lazy"
"About top collage","About/p1.png; About/p2.png; About/p3.png","About 50vw per panel","Panels reflow to 100vw","640w, 1400w WebP","Eager; main panel high priority"
"About body and footer","About/p4.png through About/p8.png","50vw or less","100vw or 50vw by panel","640w, up to 1400w WebP","Lazy"
"Crew top collage","TeamCrew/pp1.JPG through pp3.JPG","About 50vw per panel","Panels reflow to 100vw","768w, 1600w WebP","Eager; main panel high priority"
"Crew portraits","Members/{department}/*","Expanded 300x350; collapsed 120x200 CSS px","300x350 CSS px","400w, 800w WebP","Lazy"
"Past Events","PastEvents/TEDx Website Design.png","Six tiles up to 1600px wide","100vw","Six 720w and 1600w WebP tile pairs","First eager; remaining lazy"
"Speaker and event registration headers","About/p1.png through About/p3.png","About 50vw per panel","Panels reflow to 100vw","640w, 1400w WebP","Eager; main panel high priority"
"Shared navigation","logo-black.png; logo-white.png","384x86 CSS px","221x49 CSS px in 390px viewport","Original PNG retained; already small","Immediate"
