"Asset","Type","Size MB","Width","Height","In production build","Page / area","Referenced by","Recommendation","Priority","Suggested web target","Suggested Drive archive"
"TEDxTeam2025.png","PNG","20.447","5120","4000","Yes","Home","src/Pages/homepage.jsx","Optimize","Critical","Responsive WebP hero/background, 1280 and 1920 px variants","Website/2526/Originals/Root"
"PastEvents/TEDx Website Design.png","PNG","18.868","3122","23156","Yes","Past Events","src/Pages/pasteventpage.jsx","Optimize","Critical","WebP, max 1600 px wide; consider splitting very tall artwork","Website/2526/Originals/PastEvents"
"Members/Speaker Relations/Adryan Tan.jpeg","JPEG","9.202","3803","5704","Yes","Crew","src/Data/speakerRelationsData.json","Optimize","Critical","WebP portrait, about 600-800 px wide","Website/2526/Originals/Members/Speaker Relations"
"Members/Speaker/Elin_Fu.jpg","JPG","8.693","3563","5345","Yes","Speakers","src/Data/SpeakerData.json","Optimize","Critical","WebP portrait, about 600-800 px wide","Website/2526/Originals/Members/Speaker"
"background3.JPG","JPG","6.938","6000","4000","Yes","Home banner","src/Components/banner.jsx","Optimize","Critical","Responsive WebP hero/background, 1280 and 1920 px variants","Website/2526/Originals/Root"
"Members/Speaker/Emi_Wong.jpg","JPG","5.716","3648","5472","Yes","Speakers","src/Data/SpeakerData.json","Optimize","Critical","WebP portrait, about 600-800 px wide","Website/2526/Originals/Members/Speaker"
"Event_details.png","PNG","5.626","6750","10250","Yes","Home","src/Pages/homepage.jsx","Optimize","Critical","WebP sized to its displayed dimensions","Website/2526/Originals/Root"
"TeamCrew/pp2.JPG","JPG","5.438","6000","4000","Yes","Crew","src/Pages/teampage.jsx","Optimize","Critical","Responsive WebP hero/background, 1280 and 1920 px variants","Website/2526/Originals/TeamCrew"
"Members/Marketing and Communication/Clayton Teo.jpg","JPG","5.41","2624","3936","Yes","Crew","src/Data/marketingCommunicationData.json","Optimize","Critical","WebP portrait, about 600-800 px wide","Website/2526/Originals/Members/Marketing and Communication"
"About/p3.png","PNG","4.843","2682","1618","Yes","About; Event registration; Speakers","src/Components/aboutTedx.jsx; src/Pages/registrationpage.jsx; src/Pages/Speakerpage.jsx","Optimize","High","WebP, max 1200-1400 px wide","Website/2526/Originals/About"
"TeamCrew/pp1.JPG","JPG","4.594","6000","4000","Yes","Crew","src/Pages/teampage.jsx","Optimize","High","Responsive WebP hero/background, 1280 and 1920 px variants","Website/2526/Originals/TeamCrew"
"About/p4.png","PNG","4.537","1950","1615","Yes","About","src/Components/aboutTedx.jsx","Optimize","High","WebP, max 1200-1400 px wide","Website/2526/Originals/About"
"About/p1.png","PNG","4.518","2248","1613","Yes","About; Event registration; Speakers","src/Components/aboutTedx.jsx; src/Pages/registrationpage.jsx; src/Pages/Speakerpage.jsx","Optimize","High","WebP, max 1200-1400 px wide","Website/2526/Originals/About"
"About/p2.png","PNG","4.483","2244","1614","Yes","About; Event registration; Speakers","src/Components/aboutTedx.jsx; src/Pages/registrationpage.jsx; src/Pages/Speakerpage.jsx","Optimize","High","WebP, max 1200-1400 px wide","Website/2526/Originals/About"
"TeamCrew/pp3.JPG","JPG","3.876","6000","4000","Yes","Crew","src/Pages/teampage.jsx","Optimize","High","Responsive WebP hero/background, 1280 and 1920 px variants","Website/2526/Originals/TeamCrew"
"Members/Creative/Clancy Clarence Natania.jpeg","JPEG","3.869","4032","3024","Yes","Crew","src/Data/creativeData.json","Optimize","High","WebP portrait, about 600-800 px wide","Website/2526/Originals/Members/Creative"
"About/p7.png","PNG","3.758","1956","1619","Yes","About","src/Components/aboutTedx.jsx","Optimize","High","WebP, max 1200-1400 px wide","Website/2526/Originals/About"
"Members/Event Management/Saima.jpeg","JPEG","3.627","4032","3024","Yes","Crew","src/Data/eventManagementProcurementData.json","Optimize","High","WebP portrait, about 600-800 px wide","Website/2526/Originals/Members/Event Management"
"Members/Creative/Quenisha Yovela.jpeg","JPEG","3.562","4280","5302","Yes","Crew","src/Data/creativeData.json","Optimize","High","WebP portrait, about 600-800 px wide","Website/2526/Originals/Members/Creative"
"Members/Human Resources/Aileen Galih.jpeg","JPEG","3.328","5712","4284","Yes","Crew","src/Data/humanResourcesData.json","Optimize","High","WebP portrait, about 600-800 px wide","Website/2526/Originals/Members/Human Resources"
"Members/Marketing and Communication/Dumi.jpeg","JPEG","3.172","4032","3024","Yes","Crew","src/Data/marketingCommunicationData.json","Optimize","High","WebP portrait, about 600-800 px wide","Website/2526/Originals/Members/Marketing and Communication"
"Members/Human Resources/elycia trishelle.jpeg","JPEG","3.127","2268","4032","Yes","Crew","src/Data/humanResourcesData.json","Optimize","High","WebP portrait, about 600-800 px wide","Website/2526/Originals/Members/Human Resources"
"About/p5.png","PNG","2.896","1421","1612","Yes","About","src/Components/aboutTedx.jsx","Optimize","High","WebP, max 1200-1400 px wide","Website/2526/Originals/About"
"Members/Creative/Prinxd.jpeg","JPEG","2.864","4032","3024","Yes","Crew","src/Data/creativeData.json","Optimize","High","WebP portrait, about 600-800 px wide","Website/2526/Originals/Members/Creative"
"About/p8.png","PNG","2.631","1621","1614","Yes","About","src/Components/aboutTedx.jsx","Optimize","High","WebP, max 1200-1400 px wide","Website/2526/Originals/About"
"Members/Speaker Relations/Ruth Joelin.jpeg","JPEG","2.338","4032","3024","Yes","Crew","src/Data/speakerRelationsData.json","Optimize","High","WebP portrait, about 600-800 px wide","Website/2526/Originals/Members/Speaker Relations"
"Members/Finance and Sponsorship/Clarissa.jpeg","JPEG","2.152","2130","3195","Yes","Crew","src/Data/financeSponsorshipData.json","Optimize","High","WebP portrait, about 600-800 px wide","Website/2526/Originals/Members/Finance and Sponsorship"
"About/p6.png","PNG","2.148","857","1613","Yes","About","src/Components/aboutTedx.jsx","Optimize","High","WebP, max 1200-1400 px wide","Website/2526/Originals/About"
"Members/Technical/King Lam.jpg","JPG","2.083","2304","2056","Yes","Crew","src/Data/technicalData.json","Optimize","High","WebP portrait, about 600-800 px wide","Website/2526/Originals/Members/Technical"
"Members/Event Management/Felice Pranata.jpeg","JPEG","1.976","4284","5712","Yes","Crew","src/Data/eventManagementProcurementData.json","Optimize","High","WebP portrait, about 600-800 px wide","Website/2526/Originals/Members/Event Management"
"pamphlet.pdf","PDF","1.953",,,"Yes","Home","src/Pages/homepage.jsx","Keep as-is","Low","No conversion needed unless visual review finds an issue","Website/2526/Originals/Root"
"Members/Performer/Benhill.jpg","JPG","1.95","3840","5120","Yes","Performers","src/Data/PerformerData.json","Optimize","High","WebP portrait, about 600-800 px wide","Website/2526/Originals/Members/Performer"
"Members/Speaker/Peta_Laverick.png","PNG","1.867","1080","1350","Yes","Speakers","src/Data/SpeakerData.json","Optimize","High","WebP portrait, about 600-800 px wide","Website/2526/Originals/Members/Speaker"
"Members/Technical/Steven Sie Santosa.jpeg","JPEG","1.848","4032","3024","Yes","Crew","src/Data/technicalData.json","Optimize","High","WebP portrait, about 600-800 px wide","Website/2526/Originals/Members/Technical"
"Members/Curators/Jeslyne Kaori.jpeg","JPEG","1.768","4284","5712","Yes","Crew","src/Data/curatorData.json","Optimize","High","WebP portrait, about 600-800 px wide","Website/2526/Originals/Members/Curators"
"Members/Speaker Relations/nightt.jpeg","JPEG","1.62","3088","2316","Yes","Crew","src/Data/speakerRelationsData.json","Optimize","High","WebP portrait, about 600-800 px wide","Website/2526/Originals/Members/Speaker Relations"
"Members/Technical/Sasina Parinkarn.png","PNG","1.593","1020","1020","Yes","Crew","src/Data/technicalData.json","Optimize","High","WebP portrait, about 600-800 px wide","Website/2526/Originals/Members/Technical"
"Members/Human Resources/Thu Shoun Haythi Saing.jpeg","JPEG","1.505","1179","1977","Yes","Crew","src/Data/humanResourcesData.json","Optimize","High","WebP portrait, about 600-800 px wide","Website/2526/Originals/Members/Human Resources"
"Members/Creative/Kezia Halim.jpg","JPG","1.251","3120","4160","Yes","Crew","src/Data/creativeData.json","Optimize","High","WebP portrait, about 600-800 px wide","Website/2526/Originals/Members/Creative"
"Members/Speaker Relations/Ni Shang.jpeg","JPEG","1.078","1179","1566","Yes","Crew","src/Data/speakerRelationsData.json","Optimize","High","WebP portrait, about 600-800 px wide","Website/2526/Originals/Members/Speaker Relations"
"pamphlet.png","PNG","1.051","1518","8000","Yes","Home","src/Pages/homepage.jsx","Optimize","High","WebP sized to its displayed dimensions","Website/2526/Originals/Root"
"Members/Event Management/Nicholas Lua.png","PNG","1.038","1587","1649","Yes","Crew","src/Data/eventManagementProcurementData.json","Optimize","High","WebP portrait, about 600-800 px wide","Website/2526/Originals/Members/Event Management"
"Members/Event Management/joanne.jpeg","JPEG","1.004","1536","2048","Yes","Crew","src/Data/eventManagementProcurementData.json","Optimize","High","WebP portrait, about 600-800 px wide","Website/2526/Originals/Members/Event Management"
"Members/Speaker/William_Lee.jpeg","JPEG","0.978","1440","1680","Yes","Speakers","src/Data/SpeakerData.json","Optimize","Medium","WebP portrait, about 600-800 px wide","Website/2526/Originals/Members/Speaker"
"Members/Human Resources/Yahan Zhang.jpeg","JPEG","0.861","2080","1560","Yes","Crew","src/Data/humanResourcesData.json","Optimize","Medium","WebP portrait, about 600-800 px wide","Website/2526/Originals/Members/Human Resources"
"background1.png","PNG","0.857","1089","528","Yes","Home banner","src/Components/banner.jsx","Optimize","Medium","Responsive WebP hero/background, 1280 and 1920 px variants","Website/2526/Originals/Root"
"Members/Event Management/Fransiska Tabita.jpeg","JPEG","0.825","1212","1616","Yes","Crew","src/Data/eventManagementProcurementData.json","Optimize","Medium","WebP portrait, about 600-800 px wide","Website/2526/Originals/Members/Event Management"
"Members/Creative/Rian Park.jpg","JPG","0.719","1200","1600","Yes","Crew","src/Data/creativeData.json","Optimize","Medium","WebP portrait, about 600-800 px wide","Website/2526/Originals/Members/Creative"
"background2.png","PNG","0.697","1090","454","Yes","Home banner","src/Components/banner.jsx","Optimize","Medium","Responsive WebP hero/background, 1280 and 1920 px variants","Website/2526/Originals/Root"
"Members/Event Management/Kaitlyn Wong.jpeg","JPEG","0.696","1711","2281","Yes","Crew","src/Data/eventManagementProcurementData.json","Optimize","Medium","WebP portrait, about 600-800 px wide","Website/2526/Originals/Members/Event Management"
"Members/Curators/Hudson Lois.jpeg","JPEG","0.64","3024","4032","Yes","Crew","src/Data/curatorData.json","Optimize","Medium","WebP portrait, about 600-800 px wide","Website/2526/Originals/Members/Curators"
"Members/Finance and Sponsorship/Mahekpreet KAUR.jpeg","JPEG","0.527","1114","1056","Yes","Crew","src/Data/financeSponsorshipData.json","Optimize","Medium","WebP portrait, about 600-800 px wide","Website/2526/Originals/Members/Finance and Sponsorship"
"Members/Human Resources/Suha Islam.JPG","JPG","0.414","1175","1536","Yes","Crew","src/Data/humanResourcesData.json","Optimize","Medium","WebP portrait, about 600-800 px wide","Website/2526/Originals/Members/Human Resources"
"Members/Marketing and Communication/phoebe isabel.jpeg","JPEG","0.333","789","1052","Yes","Crew","src/Data/marketingCommunicationData.json","Optimize","Medium","WebP portrait, about 600-800 px wide","Website/2526/Originals/Members/Marketing and Communication"
"Members/Speaker/Saanvi_Shukla.jpg","JPG","0.305","1290","1951","Yes","Speakers","src/Data/SpeakerData.json","Optimize","Medium","WebP portrait, about 600-800 px wide","Website/2526/Originals/Members/Speaker"
"Members/Marketing and Communication/lindsay.jpg","JPG","0.278","900","600","Yes","Crew","src/Data/marketingCommunicationData.json","Optimize","Medium","WebP portrait, about 600-800 px wide","Website/2526/Originals/Members/Marketing and Communication"
"Members/Technical/Joseph Andrei Wong.jpeg","JPEG","0.249","897","1699","Yes","Crew","src/Data/technicalData.json","Optimize","Medium","WebP portrait, about 600-800 px wide","Website/2526/Originals/Members/Technical"
"Members/Finance and Sponsorship/Flaudie.jpg","JPG","0.223","1600","1506","Yes","Crew","src/Data/financeSponsorshipData.json","Optimize","Medium","WebP portrait, about 600-800 px wide","Website/2526/Originals/Members/Finance and Sponsorship"
"Members/Finance and Sponsorship/Rana Ahmed.jpeg","JPEG","0.209","1284","2778","Yes","Crew","src/Data/financeSponsorshipData.json","Optimize","Medium","WebP portrait, about 600-800 px wide","Website/2526/Originals/Members/Finance and Sponsorship"
"Members/Speaker/Darren_Po.jpeg","JPEG","0.202","996","1328","Yes","Speakers","src/Data/SpeakerData.json","Optimize","Medium","WebP portrait, about 600-800 px wide","Website/2526/Originals/Members/Speaker"
"MetamorphosisLogo.png","PNG","0.168","528","528","Yes","Home banner","src/Components/banner.jsx","Optimize","Medium","WebP sized to its displayed dimensions","Website/2526/Originals/Root"
"Members/Performer/CSSA_DANSO.jpeg","JPEG","0.158","1600","1066","Yes","Performers","src/Data/PerformerData.json","Optimize","Medium","WebP portrait, about 600-800 px wide","Website/2526/Originals/Members/Performer"
"Members/Marketing and Communication/Kennard G.I.jpg","JPG","0.151","1200","1600","Yes","Crew","src/Data/marketingCommunicationData.json","Optimize","Medium","WebP portrait, about 600-800 px wide","Website/2526/Originals/Members/Marketing and Communication"
"Members/Technical/Arista Wangsadjaja.jpeg","JPEG","0.111","937","976","Yes","Crew","src/Data/technicalData.json","Keep as-is","Low","No conversion needed unless visual review finds an issue","Website/2526/Originals/Members/Technical"
"Members/Speaker Relations/Anice Darlene.jpeg","JPEG","0.11","1275","1282","Yes","Crew","src/Data/speakerRelationsData.json","Keep as-is","Low","No conversion needed unless visual review finds an issue","Website/2526/Originals/Members/Speaker Relations"
"Members/Event Management/cemi backup 88.jpeg","JPEG","0.053","853","1280","Yes","Crew","src/Data/eventManagementProcurementData.json","Keep as-is","Low","No conversion needed unless visual review finds an issue","Website/2526/Originals/Members/Event Management"
"logo-white.png","PNG","0.049","1970","440","Yes","Shared navigation","src/Components/navbar.jsx","Keep as-is","Low","No conversion needed unless visual review finds an issue","Website/2526/Originals/Root"
"logo-black.png","PNG","0.047","1970","440","Yes","Shared navigation","src/Components/navbar.jsx","Keep as-is","Low","No conversion needed unless visual review finds an issue","Website/2526/Originals/Root"
"Sponsor/Locobike logo_with white-04.png","PNG","0.02","854","214","Yes","Shared / needs review","src/Data/SponsorData.json","Keep as-is","Low","No conversion needed unless visual review finds an issue","Website/2526/Originals/Sponsor"
"Members/Human Resources/lance linus lee.jpg","JPG","0.019","433","577","Yes","Crew","src/Data/humanResourcesData.json","Keep as-is","Low","No conversion needed unless visual review finds an issue","Website/2526/Originals/Members/Human Resources"
"TEDTeam.png","PNG","15.197","6000","4000","No","No active reference found","","Archive candidate","Archive","Keep original in Drive; remove from website source after review","Website/2526/Originals/Root"
"Pastspeaker.png","PNG","14.025","6000","4000","No","No active reference found","","Archive candidate","Archive","Keep original in Drive; remove from website source after review","Website/2526/Originals/Root"
"Artpiece.png","PNG","4.071","3624","3120","No","No active reference found","","Archive candidate","Archive","Keep original in Drive; remove from website source after review","Website/2526/Originals/Root"
"Homepage-Photo.png","PNG","0.453","599","399","No","About","src/Components/aboutTedx.jsx","Archive candidate","Archive","Keep original in Drive; remove from website source after review","Website/2526/Originals/Root"
"TEDxTeam.png","PNG","0.401","550","368","No","About","src/Components/aboutTedx.jsx","Archive candidate","Archive","Keep original in Drive; remove from website source after review","Website/2526/Originals/Root"
"PastEvent.png","PNG","0.27","786","239","No","No active reference found","","Archive candidate","Archive","Keep original in Drive; remove from website source after review","Website/2526/Originals/Root"
"MetamorphosisLogo2.png","PNG","0.195","541","494","No","Home","src/Components/Counter.jsx","Archive candidate","Archive","Keep original in Drive; remove from website source after review","Website/2526/Originals/Root"
"Sponsor/Indomie_Logo.png","PNG","0.009","370","244","No","Shared / needs review","src/Data/SponsorData.json","Archive candidate","Archive","Keep original in Drive; remove from website source after review","Website/2526/Originals/Sponsor"
"X-FrameHome.png","PNG","0.002","279","88","No","About","src/Components/aboutTedx.jsx","Archive candidate","Archive","Keep original in Drive; remove from website source after review","Website/2526/Originals/Root"
"ReadMoreText.png","PNG","0.001","193","53","No","No active reference found","","Archive candidate","Archive","Keep original in Drive; remove from website source after review","Website/2526/Originals/Root"
"Members/Performer/.gitkeep","GITKEEP","0",,,"No","No active reference found","","Archive candidate","Archive","Keep original in Drive; remove from website source after review","Website/2526/Originals/Members/Performer"
"wave_tedx_red.svg","SVG","0",,,"No","No active reference found","","Archive candidate","Archive","Keep original in Drive; remove from website source after review","Website/2526/Originals/Root"
"Members/.gitkeep","GITKEEP","0",,,"No","No active reference found","","Archive candidate","Archive","Keep original in Drive; remove from website source after review","Website/2526/Originals/Members"
"Members/Creative/.gitkeep","GITKEEP","0",,,"No","No active reference found","","Archive candidate","Archive","Keep original in Drive; remove from website source after review","Website/2526/Originals/Members/Creative"
"Members/Event Management/.gitkeep","GITKEEP","0",,,"No","No active reference found","","Archive candidate","Archive","Keep original in Drive; remove from website source after review","Website/2526/Originals/Members/Event Management"
"Members/Speaker/.gitkeep","GITKEEP","0",,,"No","No active reference found","","Archive candidate","Archive","Keep original in Drive; remove from website source after review","Website/2526/Originals/Members/Speaker"
"Members/Technical/.gitkeep","GITKEEP","0",,,"No","No active reference found","","Archive candidate","Archive","Keep original in Drive; remove from website source after review","Website/2526/Originals/Members/Technical"
"Members/Sponsor/.gitkeep","GITKEEP","0",,,"No","No active reference found","","Archive candidate","Archive","Keep original in Drive; remove from website source after review","Website/2526/Originals/Members/Sponsor"
"Members/Finance and Sponsorship/.gitkeep","GITKEEP","0",,,"No","No active reference found","","Archive candidate","Archive","Keep original in Drive; remove from website source after review","Website/2526/Originals/Members/Finance and Sponsorship"
"Members/Human Resources/.gitkeep","GITKEEP","0",,,"No","No active reference found","","Archive candidate","Archive","Keep original in Drive; remove from website source after review","Website/2526/Originals/Members/Human Resources"
"Members/Speaker Relations/.gitkeep","GITKEEP","0",,,"No","No active reference found","","Archive candidate","Archive","Keep original in Drive; remove from website source after review","Website/2526/Originals/Members/Speaker Relations"
"Members/Marketing and Communication/.gitkeep","GITKEEP","0",,,"No","No active reference found","","Archive candidate","Archive","Keep original in Drive; remove from website source after review","Website/2526/Originals/Members/Marketing and Communication"
"Members/Curators/.gitkeep","GITKEEP","0",,,"No","No active reference found","","Archive candidate","Archive","Keep original in Drive; remove from website source after review","Website/2526/Originals/Members/Curators"
"wave_dark_red.svg","SVG","0",,,"No","No active reference found","","Archive candidate","Archive","Keep original in Drive; remove from website source after review","Website/2526/Originals/Root"
